CountyId,StateId,RegionId,Male,Female,TotalPop,Poverty,CarOwnership,Unemploy,AvgCommute,AvgIncome,Obesity
1001,1,4,26745,28476,55221,12.9,87.5,7.6,26.5,51281,18.6
1003,1,4,95314,99807,195121,,84.7,,26.4,50254,19.2
1005,1,4,14497,12435,26932,26.7,83.8,17.6,24.1,32964,45.3
1007,1,4,12073,10531,22604,16.8,83.2,8.3,28.8,38678,27.9
1009,1,4,28512,29198,57710,16.7,84.9,7.7,34.9,45813,27.2
1011,1,4,5660,5018,10678,24.6,74.9,18,27.5,31938,38.4
1013,1,4,9502,10852,20354,25.4,84.5,10.9,24.6,32229,39.2
1015,1,4,56274,60374,116648,20.5,85.3,12.3,24.1,41703,31.6
1017,1,4,16258,19375,34079,21.6,85.1,8.9,25.1,34177,37.2
1019,1,4,12975,13033,26008,19.2,83.9,,27.4,36296,30.1
1021,1,4,21619,22200,43819,,81.2,9.1,32,41627,30.6
1023,1,4,6382,7013,13395,23.4,85.5,13.6,30.7,33536,34.4
1025,1,4,11834,13236,25070,24.7,82,19.4,23,32011,29.8
1027,1,4,6671,6866,13537,16.7,84.3,9.4,30.3,35327,22.5
1029,1,4,7334,7668,15002,17,77.6,8.3,33.3,38056,26.3
1031,1,4,25174,25710,50884,17.1,85.3,,20.9,46729,26.4
1033,1,4,26303,28141,54444,17.4,90.7,9,22.8,40576,26.1
1035,1,4,6176,6689,12865,33.8,93.6,22.6,29.7,24900,41.5
1037,1,4,5579,5448,11027,19.3,85.4,17,28.6,31212,27.5
1039,1,4,18339,19547,37886,20.2,83,11.2,25.5,36444,31.2
1041,1,4,6863,7075,13938,16.7,81.7,9.7,27.9,36022,19.2
1043,1,4,40081,40884,80965,18.5,,7.3,26.4,38971,25
1045,1,4,24708,25158,49866,19.1,87.4,10.9,20.4,45028,26.2
1047,1,4,19450,22704,42154,35,82.3,16.4,23.9,27306,53.8
1049,1,4,35474,35594,71068,18.7,86.1,7.7,22.8,38192,25.2
1051,1,4,39362,41401,80763,,87.1,8.3,28.5,53555,20.5
1053,1,4,19524,18411,37935,24.2,90.8,,23.1,32330,31.8
1055,1,4,50207,53559,103766,19.7,86.2,9,23.4,39220,31.7
1057,1,4,8477,8419,16896,18.3,86.5,10,28.4,34680,25.6
1059,1,4,15311,16323,31634,22.5,80.3,9.8,29,35372,38.8
1061,1,4,13174,13641,26815,23.2,81.8,11.2,25.8,36024,40.2
1063,1,4,4095,4602,8697,40.2,82.1,20.4,30.5,20541,67
1065,1,4,7183,8073,15256,,88.2,13.3,29.8,32714,38.9
1067,1,4,8259,8993,17252,15.6,85.6,8.1,26.9,41997,20.6
1069,1,4,49563,53971,103534,18.3,88.6,8.3,21.4,41571,29.9
1071,1,4,26076,26784,52860,18,88.1,10.1,25.4,37745,25.9
1073,1,4,311581,347445,659026,18.8,84.9,9.1,23.6,45610,27.8
1075,1,4,6832,7301,14133,24.1,81.8,10.2,26.2,35450,37.2
1077,1,4,44419,48318,92737,17.9,86,7.1,24.6,43125,25.7
1079,1,4,16421,17165,33586,18.7,87.9,,28.4,40003,24.6
1081,1,4,74277,76705,150982,23.8,84.6,7.3,21.7,44570,24
1083,1,4,44626,44179,88805,14.3,87.4,7.8,26.3,49570,18.5
1085,1,4,5125,5617,10742,28.5,82,13.2,29.5,25876,39.9
1087,1,4,9166,10852,20018,25.9,77.6,16.9,21.8,30738,37.9
1089,1,4,169422,177016,,13.7,86.9,8.5,20.8,57993,19.4
1091,1,4,9452,10854,20306,26.1,85.5,11.4,22.1,32042,35.5
1093,1,4,15004,15383,30387,20.1,84.9,9.9,23.9,32299,25.7
1095,1,4,46409,47909,94318,20.2,82,8.4,23.6,38983,32.9
1097,1,4,198216,216035,414251,19.3,85.9,9.8,24.4,43809,28.1
1099,1,4,10639,11578,22217,31.4,89.5,20.7,24.3,27257,40.2
1101,1,4,108296,119842,228138,22.6,84.8,8.8,19.3,44369,33.4
1103,1,4,58814,60972,119786,16.1,87.8,9.9,24.1,45751,24.3
1105,1,4,4651,5387,10038,,84.4,11.2,26.5,24537,53.9
1107,1,4,9657,10199,19856,25,82.3,13.8,29.9,30330,35.2
1109,1,4,15818,17337,33155,26.1,87.2,10.2,19.2,32825,30.3
1111,1,4,11090,11558,22648,20.4,,10.3,27.2,36924,28.3
1113,1,4,28347,29955,58302,21,85.4,11.1,24.3,37049,30.1
1115,1,4,43141,42723,85864,16,86.1,8.4,30.1,51859,22.3
1117,1,4,99134,104396,203530,8.3,85.5,5.5,28.5,70187,10.4
1119,1,4,5905,7436,13341,42.7,86.2,16.8,24.3,19501,57.1
1121,1,4,39494,41943,81437,23,84.4,13.8,24.6,35155,37.1
1123,1,4,19593,21560,41153,22.5,82.7,,24.2,39206,40.2
1125,1,4,96781,103677,200458,19.1,85.8,7.6,22.1,46565,25.5
1127,1,4,32013,33910,,22.5,84.5,11.4,30,35843,32.2
1129,1,4,8490,8507,16997,19.1,80.4,20,32.6,42811,25.7
1131,1,4,5376,5859,11235,37.7,85.7,20.8,22.6,23750,49.9
1133,1,4,11876,12254,24130,21.9,84.9,9.6,26.8,33194,37.2
2013,2,1,2198,1106,3304,16.8,18.4,2.9,4.9,61518,23.2
2016,2,1,3393,2291,5684,9.1,42.3,2.1,7.6,84306,9
2020,2,1,153122,145985,299107,8.2,75.4,6.7,19.5,78326,12.4
2050,2,1,9351,8425,17776,25.2,,17.6,7.4,51012,31
2060,2,1,553,417,970,7.2,65.6,5.4,10.4,79750,8.4
2068,2,1,1126,934,2060,12.7,43.9,2.3,17.9,81544,5.6
2070,2,1,2589,2390,4979,18.1,37.7,12.5,8.8,54173,24.6
2090,2,1,53477,46228,99705,8.1,74,7.9,19.2,71068,9.9
2100,2,1,1387,1173,2560,5.3,58.5,3,8.2,58750,4.3
2105,2,1,1129,999,2128,11.9,37.5,13.1,9,52419,29.2
2110,2,1,16645,15886,32531,6.6,68.9,5.2,15.1,85746,11
2122,2,1,29974,27247,,10,67.4,9.4,19.7,63684,11.8
2130,2,1,7038,6661,13699,12.1,63.8,7.9,13,64222,15.6
2150,2,1,7468,6505,13973,11.3,61.3,6.3,11.3,70887,12.7
2158,2,1,4200,3714,7914,33.3,5.2,28.6,5.9,38229,39.7
2164,2,1,731,743,1474,16.8,21.2,9.8,6,50781,23.5
2170,2,1,50205,45973,96178,10,72,,34,72983,12.5
2180,2,1,5272,4582,9854,27,25.8,16.5,7,48868,32.5
2185,2,1,6172,3495,9667,,20.1,9.3,8.4,72576,14.7
2188,2,1,4165,3567,7732,23.8,16.5,21.9,7.4,63648,30.2
2195,2,1,1708,1513,3221,10.2,51.8,8.4,7.5,67935,9.3
2198,2,1,3468,2908,6376,14.6,51.6,13.9,14,48523,20.2
2220,2,1,4584,4359,8943,9,57.6,3.8,11.9,70376,9.5
2230,2,1,527,472,999,,42.9,7.8,5.5,69318,2
2240,2,1,3909,3120,7029,14.5,52.3,9.4,13,62670,21.1
2261,2,1,5137,4480,9617,10.9,63.2,10.7,9.6,78810,8.9
2275,2,1,1227,1160,2387,11.8,,7.5,8.5,48603,20.4
2282,2,1,367,276,643,5.4,49.1,7.9,6.3,72500,6.5
2290,2,1,3038,2606,5644,22.4,28.7,18.2,8.6,38491,30
4001,4,5,35663,36461,72124,36.6,76.6,18.2,28.8,31757,45
4003,4,5,66100,63547,,17.9,77.6,8.7,19.3,45075,24.9
4005,4,5,67553,69148,136701,22.7,68.7,8.8,18.7,50234,26.3
4007,4,5,26436,26729,53165,22.7,77.8,12.8,21,39751,38.5
4009,4,5,20049,17358,37407,22.6,76.7,14.1,21.3,45964,29.1
4011,4,5,4748,4275,9023,13.7,80.2,10,18.5,51628,17.7
4012,4,5,10378,9957,20335,19.1,74.6,11.2,11.7,34466,33.8
4013,4,5,1986158,2031985,4018143,17,76.5,7.7,25.5,54229,24.4
4015,4,5,102371,100991,203362,19.8,78.1,13.2,19.3,38488,30.8
4017,4,5,53984,53672,107656,30.6,72,19.8,22.3,35921,40.4
4019,4,5,491108,507429,998537,19.3,76.6,10,24.4,46162,27.5
4021,4,5,202502,187270,389772,17.3,78.5,10.6,31.2,49477,25.5
4023,4,5,22566,24507,47073,23.5,81.3,11.3,21.7,40140,29.8
4025,4,5,105693,110303,,16,74,10,23.2,44748,23.4
4027,4,5,103779,99208,202987,20.7,79.6,13.1,18.9,40743,29
5001,5,4,8936,9795,18731,20.1,80.9,8.3,15.1,36411,30.4
5003,5,4,10185,11044,21229,20.7,86.3,11.8,18.5,34263,28.4
5005,5,4,19811,21229,41040,15.9,84.6,7.6,17.1,35396,25.7
5007,5,4,117781,120417,238198,12.2,83.4,4.2,19.9,56239,18.2
5009,5,4,18138,19089,37227,17.7,85.2,8.4,20.3,39251,25.1
5011,5,4,5534,5672,11206,29,79.7,9.4,22.1,33701,47
5013,5,4,2692,2553,5245,17.8,85.4,7.2,26.7,36899,23.2
5015,5,4,13535,14100,27635,18.3,78.5,6.2,19.6,36897,27.2
5017,5,4,5577,5776,11353,31.7,81.3,11.5,20.4,28913,44.4
5019,5,4,10786,11965,22751,23.7,79.2,8.4,21.5,35031,32.6
5021,5,4,7588,7812,15400,21.8,82.8,9.5,21,32552,31.5
5023,5,4,12842,12869,25711,14.5,81.7,10.2,24.8,42905,22.1
5025,5,4,4234,4276,8510,20.8,82.7,9.7,29.7,43158,31.5
5027,5,4,11569,12758,24327,25.6,85.3,10.1,17.1,36619,36.1
5029,5,4,10346,10764,21110,22.6,81.9,8.1,24.7,37732,35.1
5031,5,4,49362,52047,101409,20.2,83.5,7.5,17.8,42475,29.6
5033,5,4,30269,31479,61748,18.5,86,7.9,23,41268,27.7
5035,5,4,23482,26283,49765,24.1,83.3,9.9,20.9,38004,35.3
5037,5,4,8384,9083,17467,20.1,79.5,8.6,24,38103,26.8
5039,5,4,3877,3991,7868,15.5,78,8.3,23.5,34084,20.9
5041,5,4,5741,6638,12379,33,86.3,17.7,19.2,27197,49.8
5043,5,4,9215,9525,18740,28.6,81.2,14.3,22.1,32819,37.9
5045,5,4,58488,60855,119343,15.5,83.8,6.6,24.5,51223,16.8
5047,5,4,8797,9069,17866,22,77.5,11,27.1,39285,28.3
5049,5,4,6055,6169,12224,19.9,82.4,7.6,27.4,37066,35.8
5051,5,4,46921,50033,96954,20.9,78.3,9.2,21.9,38733,31.4
5053,5,4,8875,9179,18054,12,84.1,9.4,30.3,46171,16.5
5055,5,4,21477,21905,43382,17.8,86.8,9,20.7,41286,22.8
5057,5,4,10787,11549,22336,27,79.7,7.9,20.4,32122,42.1
5059,5,4,17089,16227,33316,19.1,83.6,7.6,26.2,40000,27.9
5061,5,4,6596,6959,13555,21.8,72.1,8.5,19.5,34229,36.3
5063,5,4,18064,18888,36952,21.8,81,6.9,20.2,36265,32
5065,5,4,6997,6483,13480,21,78.3,10,23.2,32630,32.5
5067,5,4,8737,8860,17597,26.8,86.7,7.9,19.7,31261,45
5069,5,4,36165,37383,73548,25.5,84.8,11.2,21.2,36747,39.3
5071,5,4,12834,13096,25930,22.1,81.8,6.2,20.4,34139,33.6
5073,5,4,3534,3736,7270,24.4,78.9,12.5,23.6,31194,32.4
5075,5,4,8303,8726,17029,23.9,79.2,6.9,24.5,32379,31.2
5077,5,4,5561,4405,9966,27.3,75.9,17.3,20.7,28393,36
5079,5,4,8596,5466,14062,23,78.5,14.2,24,32580,30.6
5081,5,4,6384,6336,12720,19.3,83.5,8.8,24.7,36205,28.9
5083,5,4,11022,10979,22001,19.3,82.1,8.1,26.6,35325,27.4
5085,5,4,34831,35860,70691,12.4,85.1,5.9,26.5,53631,16.3
5087,5,4,7865,7837,15702,20.5,77.8,7.3,31.7,37691,27.2
5089,5,4,8172,8286,16458,18.8,76.1,10.9,23.1,34195,27.3
5091,5,4,21540,22112,43652,20.3,85.8,9.6,19.5,40317,29.3
5093,5,4,21815,23049,44864,26.8,79.7,12,17.9,34612,40.9
5095,5,4,3642,4071,7713,32.8,75.5,12.8,20,27647,50.1
5097,5,4,4547,4650,9197,17.9,78.6,4.3,28,33037,23.9
5099,5,4,4367,4426,8793,28.1,87.4,9.5,28.4,30691,46.1
5101,5,4,4035,4017,8052,20.5,75.2,4.4,36.2,34536,27.3
5103,5,4,11790,13254,25044,24.1,84.2,8.3,23.1,31293,38.7
5105,5,4,5133,5167,10300,16,77.2,6.8,34.3,42346,25.6
5107,5,4,9529,10862,20391,34.1,75.4,18.1,19.5,26844,52.4
5109,5,4,5420,5667,11087,20.2,78.7,6.6,26,33097,30.3
5111,5,4,11819,12391,24210,22.8,82.8,10,23.6,33070,35.9
5113,5,4,9929,10435,20364,24.1,76.4,9,21.9,33702,40.4
5115,5,4,31083,31747,62830,20,84,7.6,18.8,39810,26.3
5117,5,4,4137,4265,8402,21.4,77.1,6.2,27.8,35833,30.5
5119,5,4,187292,203171,390463,17.6,85,7.5,20.3,46140,26
5121,5,4,8678,9017,17695,21.1,84.4,5.4,28.7,34044,29.8
5123,5,4,14996,12349,27345,24.8,78.8,11.7,20.3,32105,36.7
5125,5,4,55920,57913,113833,9.1,85.9,5.3,25.5,55817,11.2
5127,5,4,5557,5313,10870,20.1,72.3,10.9,22.3,37321,32
5129,5,4,3984,3981,7965,23.6,77.9,5.9,31.3,33083,30.7
5131,5,4,62355,64918,127273,23.2,83.9,6.1,17.9,38575,36.6
5133,5,4,8563,8705,17268,22.1,70.6,9.3,24.1,36579,33.4
5135,5,4,8302,8753,17055,23.6,78.5,8.8,28.9,30691,32.9
5137,5,4,6340,6172,12512,24.6,76.9,7,25.2,29264,39
5139,5,4,19640,20993,40633,20.4,88.5,9.7,18.7,38678,31.8
5141,5,4,8402,8600,17002,21.4,83.4,11.2,27.4,32312,34
5143,5,4,108144,108288,216432,20.1,78.3,6.2,21.3,43524,25.3
5145,5,4,38736,39924,78660,19,79.9,7.1,23.1,42554,21.7
5147,5,4,3380,3603,6983,23.5,85.4,12.4,19.4,28993,25.7
5149,5,4,10804,11031,21835,18.6,78,8.3,21.1,37804,27.2
6001,6,1,776699,808284,1584983,12.5,63.6,8.3,30.7,75619,15.2
6003,6,1,654,477,1131,17.5,62.5,10.7,24.3,52917,8.5
6005,6,1,20012,16983,36995,12.8,79.1,14,29.3,54171,22.5
6007,6,1,110115,112449,222564,21.9,75.2,12.1,19.9,43444,23.9
6009,6,1,22143,22624,44767,12.6,79.1,12.1,33.6,53233,13.3
6011,6,1,11129,10267,21396,15,76.8,10.4,22.6,52168,22.2
6013,6,1,534618,561450,1096068,10.9,68.9,8.8,35.3,80185,14
6015,6,1,15418,12370,27788,21.8,74.8,11.5,14.1,40847,29
6017,6,1,90970,91123,182093,10.4,76.2,11.1,28.4,69584,13.3
6019,6,1,477316,479433,956749,26.8,76.9,13.2,22.1,45233,38.2
6021,6,1,14168,13861,28029,20.8,76.2,12.6,21.8,39349,27.3
6023,6,1,67533,67501,135034,21.4,72.3,10.5,18.1,42197,23.7
6025,6,1,91167,87039,178206,24,80,17.4,21.3,41079,31
6027,6,1,9214,9159,18373,11.4,69.6,6.8,14.6,45955,14.1
6029,6,1,444547,421189,865736,23.5,77.8,12.7,23.6,49026,33
6031,6,1,83958,67040,150998,22.6,76,13,21.1,46481,32.1
6033,6,1,32146,32012,64158,24.7,73.6,14.6,28.6,35578,32.8
6035,6,1,21818,10827,32645,16.4,77.2,10.9,20.6,51555,23.6
6037,6,1,4945351,5093037,10038388,18.2,73,,30,56196,25.8
6039,6,1,73863,79324,153187,23.5,77.1,7.5,25.5,45073,33.6
6041,6,1,126460,131889,258349,8.3,65.2,5.7,30.2,93257,10.3
6043,6,1,8931,8858,17789,15.1,68.4,11.6,33.1,47681,19.6
6045,6,1,43827,43717,87544,20.4,73.7,12.2,18.9,42980,28.1
6047,6,1,133152,130733,263885,26.1,76.8,16.2,26.1,42462,37.7
6049,6,1,4664,4520,9184,18.8,66.2,8.6,15.4,37860,18.6
6051,6,1,7311,6835,14146,4.9,48,13.4,18.9,56944,5.8
6053,6,1,219299,209142,428441,17,70.5,8.4,22.3,58783,25.1
6055,6,1,69798,70497,140295,10.3,76,7.5,23.6,71379,13.3
6057,6,1,48668,49902,98570,12.7,75.1,9.8,25,56521,17.1
6059,6,1,1539600,1576469,3116069,12.8,78.4,7.6,26.8,76509,17.6
6061,6,1,178729,187551,366280,8.9,79,8.3,27.1,73948,10.5
6063,6,1,9608,9358,18966,14.5,75.5,15.2,23,47333,17.7
6065,6,1,1143477,1154555,2298032,16.8,77,12.9,32.4,56603,23.3
6067,6,1,717117,748715,1465832,18.2,76.1,11.8,26.2,55987,25
6069,6,1,28773,28784,57557,10.8,78.1,12.2,31.8,71077,14.8
6071,6,1,1042053,1052716,2094769,19.5,77.8,12.6,30.4,53433,27.1
6073,6,1,1618945,1604151,3223096,14.5,76,8.7,25,64309,18.4
6075,6,1,427909,412854,840763,13.2,35.9,6.8,31.7,81294,12.7
6077,6,1,352400,356154,708554,18.6,76.6,13.7,30.1,53274,25.2
6079,6,1,140953,135564,276517,14.8,73.6,6.6,21.3,60691,15.1
6081,6,1,368416,380315,748731,8,69.8,6.7,26.8,93623,10.2
6083,6,1,218483,217367,435850,16.3,67.7,8,19.1,63985,21.2
6085,6,1,939004,929145,1868149,9.5,76,7.7,26.3,96310,10.9
6087,6,1,133714,135564,269278,15.1,69.9,7.6,25.9,67256,17.1
6089,6,1,87851,91091,178942,18,81.9,10.3,20,44620,23.5
6091,6,1,1505,1516,3021,14.6,71.1,8,28.2,42833,22.7
6093,6,1,21825,22070,43895,23.1,73.2,12.7,18.5,37170,30.5
6095,6,1,211881,213872,425753,13.4,76.6,11.4,30.1,66828,19
6097,6,1,242817,252261,495078,11.7,75.9,8.1,25,64240,14.6
6099,6,1,261045,266322,527367,20.3,80.2,15.2,27,50125,28.2
6101,6,1,47349,47898,95247,17.8,76.9,13.2,26.4,52017,24.3
6103,6,1,31489,31663,63152,19.8,76.5,13.2,24.6,41001,27.6
6105,6,1,6878,6495,13373,19.5,65.3,9,18,34974,23.8
6107,6,1,227426,226607,454033,28.1,76.5,12,22.7,42031,37.9
6109,6,1,28218,25861,54079,13.9,78,12.9,26.2,50306,15.9
6111,6,1,416484,424349,840833,11.1,77.1,8.6,25.8,77348,16.1
6113,6,1,100937,106383,207320,19.9,66.9,9,22,54989,18.7
6115,6,1,37300,36137,73437,21.9,76.4,14.8,30.6,46892,30.2
8001,8,1,237107,234099,471206,13.8,77.6,7.9,28.8,58946,19.1
8003,8,1,7972,8297,16269,28.9,73,10.4,13.7,32395,36.5
8005,8,1,299103,309207,608310,11.2,78.1,7.2,27.4,63265,15.4
8007,8,1,6202,5972,12174,11.7,71.6,8.2,20.6,46646,22.8
8009,8,1,1776,1925,3701,20.5,69,4.5,14.6,38000,32.7
8011,8,1,4046,1849,5895,25.6,78,8.3,17.9,36791,36.8
8013,8,1,155795,154237,310032,14.1,65.2,6.1,22.5,70961,13.2
8014,8,1,30075,30624,60699,6.5,78.7,5.5,28.3,81898,8.5
8015,8,1,9798,8511,18309,8.7,69.5,5.9,15.1,51092,12.3
8017,8,1,1051,951,2002,8.6,73.1,9.3,12.4,52554,4.7
8019,8,1,4724,4412,9136,8.3,68.2,5.4,33.3,67710,10.3
8021,8,1,4111,4138,8249,18.3,77.4,9.7,22.6,36652,19.8
8023,8,1,1866,1715,3581,23.7,79,14,20,31321,40.4
8025,8,1,3145,2406,5551,33.4,79.5,27,21.9,31151,40.9
8027,8,1,2148,2155,4303,17.4,66.6,14,29.7,35000,24.5
8029,8,1,15148,15066,30214,16.3,73,11.7,23.8,42452,23.9
8031,8,1,324730,324924,649654,17.3,70.3,6.3,24.8,53637,26.1
8033,8,1,1017,845,1862,21.5,56.3,4.6,17.6,31875,29.8
8035,8,1,152339,154635,306974,4,79.1,4.1,27.7,102964,4.2
8037,8,1,27887,24689,52576,9.2,72.8,4.4,20.5,72214,11.9
8039,8,1,11969,11886,23855,7,76.2,6.7,40.1,84963,11.2
8041,8,1,329550,325474,655024,11.8,78.1,8.4,22.2,58206,15.6
8043,8,1,27003,19806,46809,17.4,77.9,9.2,23.1,40423,29.4
8045,8,1,29186,27890,57076,12.1,70.6,6.9,28.8,56590,14.8
8047,8,1,2878,2727,5605,7.4,75.6,4.9,32.8,65670,3.5
8049,8,1,7689,6722,14411,10.8,64.6,5.7,19.8,63628,14.3
8051,8,1,8427,7224,15651,16.9,54.3,7.8,14.1,48071,18.9
8053,8,1,416,458,874,8,60.9,3,12.9,57083,12.9
8055,8,1,3290,3212,6502,18.5,64.9,15,22,31715,19.1
8057,8,1,709,626,1335,11.7,64.5,1.5,19.1,46014,20.8
8059,8,1,274525,277819,552344,8.5,78.7,5.9,27,70164,11.8
8061,8,1,666,797,1463,13.2,76.8,2,15.1,40304,14.9
8063,8,1,4379,3601,7980,16.4,76.5,5.9,12.3,40603,25.4
8065,8,1,4021,3341,7362,11.5,64.4,5.7,24.5,45367,14
8067,8,1,27010,26172,53182,10.6,71,5.2,21.1,60278,10.2
8069,8,1,158367,159860,318227,13.7,75.1,6.7,22.6,59805,12.3
8071,8,1,7467,7036,14503,14.9,75.7,9.2,18.9,45067,16.5
8073,8,1,3212,2266,5478,16.6,71.5,6.3,18,39005,16.3
8075,8,1,11889,10039,21928,16.9,76.4,9,16.9,42319,26.2
8077,8,1,73340,74494,147834,15.6,78.1,8.7,21.8,49322,20.9
8079,8,1,381,352,733,7.6,58.2,1.6,16,48125,0
8081,8,1,6830,6287,13117,11.4,70.1,5.9,20.1,51387,13.8
8083,8,1,12729,12971,25700,17.9,75.9,9.5,22.3,43553,31.3
8085,8,1,20021,20794,40815,19,76.8,10.2,19.2,43999,29.9
8087,8,1,14088,14271,28359,11.6,73.9,6.2,17.7,48450,16
8089,8,1,9121,9451,18572,24.3,76.2,10.7,17.3,32311,38.7
8091,8,1,2239,2341,4580,7.8,53.2,6.7,22.5,61624,7.8
8093,8,1,8525,7664,16189,7.3,72.5,5.6,42.4,56969,8.1
8095,8,1,2259,2112,4371,15.3,74.9,5.3,14.5,43639,18.7
8097,8,1,9235,8185,17420,9.9,52.3,7.7,17.8,71196,11.6
8099,8,1,6137,6098,12235,19,73.8,9.7,13.2,40179,26.7
8101,8,1,79535,81984,161519,19.8,79.9,10.8,21.1,41286,27.6
8103,8,1,3490,3222,6712,17.4,65.9,4.2,17,61842,21.9
8105,8,1,5810,5935,11745,19.2,79.1,8.1,18.2,39672,29.6
8107,8,1,12328,11278,23606,10.2,69.9,4,17.3,64963,9
8109,8,1,3116,3122,6238,23.4,70,9.7,18.4,33393,34.9
8111,8,1,327,279,606,16.5,31.2,13.8,11.8,36324,16.9
8113,8,1,4049,3627,7676,11.2,43.7,5.8,20,56047,10.7
8115,8,1,1139,1226,2365,14.4,70.6,6.4,19.4,44191,19.7
8117,8,1,15912,13028,28940,13.7,66.6,4.7,16.9,67983,19.6
8119,8,1,11826,11514,23340,7.5,75.2,8.2,31.6,62372,9.5
8121,8,1,2482,2313,4795,10.4,73.7,5.1,21.9,45541,11.3
8123,8,1,136230,134718,270948,12.9,79.2,6.6,26.3,60572,16.5
8125,8,1,4825,5360,10185,14.5,67.8,2.5,15.7,43105,22.4
9001,9,2,457634,482349,939983,9,72.4,9,29.4,84233,11.2
9003,9,2,434784,462159,896943,11.9,80.9,9.3,22.7,66395,16.7
9005,9,2,91740,94564,186304,7,83.1,7.1,26.9,72061,7.6
9007,9,2,80854,84311,165165,6.7,82.6,6,25.7,79893,7.2
9009,9,2,415679,446545,862224,13,78.7,9.5,24.4,61640,19.2
9011,9,2,136570,136615,273185,9.9,79.2,8.3,22.8,66233,14.8
9013,9,2,76134,75814,151948,7,81.5,6.8,26,79626,6.6
9015,9,2,58212,59258,117470,10.7,82.9,9.3,26,59392,14.3
10001,10,4,81716,87793,169509,13.5,82.9,8.4,26.1,54976,19.7
10003,10,4,265915,283728,549643,11.4,80,7.4,25.5,65476,15.4
10005,10,4,100782,106520,207302,12.6,82.7,8,25,53751,21.6
11001,11,4,306674,340810,647484,18,33.7,9.6,29.7,70848,26.7
12001,12,4,122968,131250,254218,24.3,74.2,7.9,20.6,43073,23.5
12003,12,4,14277,12858,27135,18.1,83.9,8.9,29.6,47121,22.1
12005,12,4,86800,88553,175353,15.2,82.4,8.6,22.1,47368,22.6
12007,12,4,15150,12073,27223,20.6,84.3,12.4,31.4,41606,24.8
12009,12,4,270544,283047,553591,14,82.2,10.9,24.2,48925,21.3
12011,12,4,894820,948332,1843152,14.5,79.5,10,27.8,51968,19.9
12013,12,4,7991,6624,14615,19.3,80.3,10,28.2,34510,21.5
12015,12,4,80718,85065,165783,12.2,77.9,10.8,23.6,44244,19
12017,12,4,67381,72273,139654,17.4,82.4,13.1,24.9,38312,30.4
12019,12,4,96931,100486,197417,10.5,84.2,10.7,32.4,58290,11.6
12021,12,4,167836,173255,341091,14.1,74.6,7.8,24,57452,24.7
12023,12,4,35080,32726,67806,19.9,82.8,14.8,24.2,41926,30.6
12027,12,4,19756,15201,34957,30.6,68.7,9.4,25,35165,42.4
12029,12,4,8746,7345,16091,21.1,80.3,7.2,25.9,36292,24.1
12031,12,4,431732,458941,890673,17.3,80.5,10,24,47690,26
12033,12,4,152196,154131,306327,15.8,76,9.4,21.8,45390,25.5
12035,12,4,48229,52554,100783,14.8,80.8,9.3,26,47866,24.5
12037,12,4,6800,4828,11628,20.3,76.8,9.4,20.3,40401,29.9
12039,12,4,21995,24429,46424,27.1,83.2,11.2,28.5,35567,43.4
12041,12,4,8946,8046,16992,22.8,79.3,10.4,29.5,40623,35.2
12043,12,4,7319,5953,13272,20.2,69.6,12.9,27.5,34877,28.7
12045,12,4,9235,6550,15785,14.3,,10.2,23,41788,19.1
12047,12,4,8671,5724,14395,29.3,82.2,15.8,22.4,35048,47
12049,12,4,14920,12548,27468,27.4,71.4,11,24.4,35457,39.7
12051,12,4,20318,18045,38363,26.4,67.3,11.9,28.7,36771,32.1
12053,12,4,83978,90831,174809,15.9,83.3,13.7,29.1,40945,25.8
12055,12,4,47994,50334,98328,19.4,79.5,13.3,20.9,35093,31
12057,12,4,635632,667252,1302884,17,80.4,9,26.4,50579,23.3
12059,12,4,10501,9134,19635,27.8,84.9,15.4,30,35020,40.3
12061,12,4,68768,74098,142866,14.4,80.9,12.2,22.4,45798,23.1
12063,12,4,27124,21776,48900,22.1,88.6,13.2,22.5,35098,34.9
12065,12,4,7522,6676,14198,15.9,81.1,9.4,28.8,43355,22.7
12067,12,4,5265,3536,8801,20.3,75.4,14.6,22.8,35864,23.3
12069,12,4,150126,160435,310561,13.9,80.5,9.7,28.2,46403,21.1
12071,12,4,325158,338517,663675,16.1,79,10.1,27.4,48537,26.9
12073,12,4,134474,148466,282940,22.3,81.2,10.6,20.6,46745,20.6
12075,12,4,19649,20172,39821,22,,11.1,30.1,35782,36.7
12077,12,4,5140,3155,8295,18.4,75.2,10.2,30.8,39406,16.8
12079,12,4,9869,8860,18729,25.7,73.9,11.8,27.7,32164,33.3
12081,12,4,166067,177662,343729,15.2,79.3,8.6,24.5,49675,25.5
12083,12,4,161696,175115,336811,18.4,80.7,12,25.2,39459,31.3
12085,12,4,74988,76598,151586,12.1,76.3,9.7,25.4,51593,19.6
12086,12,4,1280221,1358821,2639042,20.4,76.9,10,29.9,43129,27.7
12087,12,4,40159,35742,75901,13.4,67.4,6,18.8,57290,19.5
12089,12,4,37485,38395,75880,12.9,80.9,9.8,29,54116,19.1
12091,12,4,97092,95145,192237,13.2,83.4,6.9,23.3,55880,22
12093,12,4,21176,18079,39255,27.7,78.7,11.8,24.3,35405,41.5
12095,12,4,603946,625093,1229039,17.8,79.9,9.1,26.7,47943,25.5
12097,12,4,148030,152840,300870,19.5,80.2,9.8,30.9,44254,29.1
12099,12,4,666577,712229,1378806,14.5,78.8,9.5,25,53363,22.2
12101,12,4,232719,246569,479288,14,81,9.4,30.5,45064,17.9
12103,12,4,446740,484737,931477,14.4,80.2,8.4,23.9,45819,21.9
12105,12,4,307017,319659,626676,18.3,81.7,10.6,25.7,43162,28.7
12107,12,4,35825,36871,72696,28.7,79,12.6,27.3,31715,45.8
12109,12,4,102338,108157,210495,9.5,81.4,6.7,25.9,66194,10.6
12111,12,4,140448,147558,288006,18.3,79.2,12.4,27.4,43459,28.1
12113,12,4,82189,78832,161021,12.3,84.1,7.9,27.6,58923,17
12115,12,4,187242,204796,392038,11,82.9,8.2,22.6,51766,16.9
12117,12,4,211546,225800,437346,12.1,83.2,9.4,26.9,57010,15.8
12119,12,4,55190,53311,108501,10.9,75.6,9,25.7,50350,28.7
12121,12,4,21647,21948,43595,23.9,77.3,11.1,26,36289,40.5
12123,12,4,12781,9904,22685,14.7,79,9,20.5,36181,13.6
12125,12,4,9830,5361,15191,20,83.2,11.7,23,39163,27.8
12127,12,4,245481,258238,503719,17.4,81.2,9.1,25.3,41117,27
12129,12,4,17366,13762,31128,14.9,86.2,9.3,33,50340,20.6
12131,12,4,30176,29311,59487,17.1,80.7,7.9,27.2,44966,29.1
12133,12,4,13478,11151,24629,21.5,84.3,11.5,29.3,38970,34.2
13001,13,4,9040,9377,18417,20.9,,7.9,20.7,37135,25.2
13003,13,4,4090,4204,8294,28.7,78.3,7.3,21.5,30933,38.3
13005,13,4,5638,5584,11222,17.9,79.3,4.4,20.3,37162,22.2
13007,13,4,1579,1713,3292,22.9,85.4,7.1,27.9,44297,38.1
13009,13,4,22776,23019,45795,31.4,83.5,8.4,20.6,32460,42.4
13011,13,4,9327,9009,18336,16.6,84.1,8.5,30.4,41472,23.1
13013,13,4,36057,35955,72012,15.2,,10.1,32.8,52012,20.4
13015,13,4,50052,51284,101336,15.8,83.4,8.8,27.3,48893,21.5
13017,13,4,8349,9128,17477,35.3,83.7,9.7,16.4,29994,49.5
13019,13,4,9471,9548,19019,26.2,79.2,13.8,23.2,31835,32.6
13021,13,4,73011,81805,154816,27.4,82.5,12.4,20.7,36519,42.6
13023,13,4,6099,6647,12746,23.5,80.7,4.8,25.5,38991,33.5
13025,13,4,9134,9318,18452,21,80.2,10.9,31.6,37206,24.7
13027,13,4,7686,7951,15637,27.6,81.2,17,24,32663,42.4
13029,13,4,16205,16946,33151,13.6,85,9,29.3,63327,19.4
13031,13,4,35859,36527,72386,32.9,78.7,9.1,20.6,36032,32.4
13033,13,4,11071,11936,23007,31.4,85,8.2,25.6,33641,46.4
13035,13,4,12451,10994,23445,20.8,80.7,10.3,29.8,41667,32.6
13037,13,4,3892,2597,6489,41.6,54,7.7,18.3,25513,51.7
13039,13,4,26515,24930,51445,12.8,84.9,8.5,22.2,52473,17.9
13043,13,4,5342,5689,11031,31.8,79.2,8.1,23.5,30185,46.7
13045,13,4,54865,57730,112595,20.7,81.3,12.1,27.6,43586,27.7
13047,13,4,31905,33470,65375,12.5,87.5,8.1,22.7,50876,17
13049,13,4,7024,6106,13130,17.2,75.6,13.8,28.4,42778,20.7
13051,13,4,134833,144457,279290,19.1,79.8,9.7,21.3,47218,29.7
13053,13,4,7940,3974,11914,11.5,49.3,16.5,14.6,43378,10.3
13055,13,4,13007,12234,25241,23.7,86.7,10,24.3,32913,31.3
13057,13,4,111170,114774,225944,10.8,80.1,6.3,32.7,68926,14.4
13059,13,4,57448,63457,120905,36.6,74.6,9.2,19.3,32162,39.4
13061,13,4,1510,1594,3104,42.2,62,19.2,29.7,20438,60
13063,13,4,127166,140068,267234,25.1,78.3,14.1,30,40938,37.8
13065,13,4,3359,3432,6791,35,85,10.7,20.4,24015,44.6
13067,13,4,348219,370914,719133,12.4,79.5,8,30.4,65873,17.4
13069,13,4,21980,21023,43003,25.5,83.9,8.3,19.7,33965,35.6
13071,13,4,22869,23155,46024,26.8,72,8.3,21.4,32409,39.2
13073,13,4,66418,69786,,9.2,87,7.1,25,71021,11.5
13075,13,4,8200,8833,17033,25.1,83.4,6.6,26.3,35683,30.4
13077,13,4,65194,68222,133416,13.2,82,7,30.5,62461,19.3
13079,13,4,6406,6133,12539,17.2,82.2,11,28.3,41825,22.6
13081,13,4,11035,12279,23314,32.8,83.8,15.5,18.7,31615,46.9
13083,13,4,7997,8448,16445,15.2,77.4,6.1,27.4,46434,21.1
13085,13,4,11244,11429,22673,14.2,78.6,8.5,32.3,56943,16.2
13087,13,4,13359,14019,27378,28.4,79.8,6.5,23.3,31284,39.8
13089,13,4,341362,374969,716331,19.3,72.2,11.3,31.4,51376,30.1
13091,13,4,11215,9965,,22.5,84.3,9.8,24.3,34271,33.2
13093,13,4,7717,6576,14293,29.2,81.5,11.7,21,28696,39.7
13095,13,4,43432,49878,93310,30.7,76.9,18,18.1,32084,44.4
13097,13,4,65637,70883,136520,16.4,79.6,10.5,31.4,53881,22
13099,13,4,4899,5680,10579,28,88.3,9.4,24.2,31680,37.7
13101,13,4,1893,2155,4048,29,73.6,10.1,25.2,32959,40.2
13103,13,4,27196,27434,54630,10.6,86.1,6,30.7,63100,14.4
13105,13,4,9262,10275,19537,19,87.2,10.8,21.7,35388,27.5
13107,13,4,11130,11601,22731,30.6,79.7,13.2,26.5,32229,43.9
13109,13,4,5024,5790,10814,27.7,73.1,10.3,21.6,37865,42.3
13111,13,4,11531,12211,23742,23.1,76.8,12,25.9,37049,35.3
13113,13,4,52720,55935,108655,8.5,81.7,7.6,30.8,79066,12.1
13115,13,4,46567,49602,,21.3,82.2,10.9,21.6,41549,29.4
13117,13,4,97505,98731,196236,6.9,80,6.2,30.9,88816,7.4
13119,13,4,10827,11283,22110,23.9,82.8,8.4,26.6,33816,30.4
13121,13,4,478161,505742,983903,17.6,72.8,9.9,27.4,57207,25.2
13123,13,4,14560,14113,28673,23.5,78.9,10,28,40228,45.5
13125,13,4,1495,1592,3087,16.2,85,7.1,29.1,40759,29.6
13127,13,4,38647,43096,81743,18.7,83,9.3,18.9,45918,28.2
13129,13,4,27738,28151,55889,20.4,79.1,8.3,21.9,41612,30
13131,13,4,12504,12739,25243,30.7,83.7,10.5,23.8,34187,48.8
13133,13,4,7972,8359,16331,24.9,81.2,6.8,26.1,42408,44.7
13135,13,4,421395,437839,859234,13.8,79.8,8.3,32.1,60289,19.8
13137,13,4,20573,22954,43527,17.8,84,7.7,24.8,40907,26.2
13139,13,4,93746,94170,187916,18.4,79.5,7.5,26,51202,27.6
13141,13,4,4878,4003,,30.3,84.2,14.6,27.7,24925,48.5
13143,13,4,13951,14614,28565,20.3,87.7,12.3,31.8,41910,27.7
13145,13,4,16304,16472,32776,9.3,89,8,26.4,63824,12
13147,13,4,12615,12883,25498,21.9,85.2,6.2,22.4,37653,28.4
13149,13,4,5753,5864,11617,20.5,86.8,12.1,37.5,41525,29
13151,13,4,101340,110172,211512,12.9,81.6,10.3,33.2,60424,19.7
13153,13,4,71562,76008,147570,17.2,85.4,9.7,21.1,53270,25.8
13155,13,4,4798,4610,9408,26,80.3,6.8,21.3,34156,35.7
13157,13,4,30418,31002,61420,13.7,85,7.9,30.7,53379,15.6
13159,13,4,6658,6935,13593,20.7,80.3,12.7,35.4,42368,29.5
13161,13,4,7411,7579,14990,22.3,81.3,6.6,20.8,36385,33.1
13163,13,4,7916,8458,16374,30.8,78.3,17,24.5,26557,49.9
13165,13,4,4444,4478,8922,33.8,70.7,10.3,21.6,24604,57.6
13167,13,4,5437,4357,9794,23.1,72.5,9,25.8,34438,32.9
13169,13,4,14006,14732,28738,16.8,86.9,9.5,27.3,51857,23.6
13171,13,4,8653,9461,18114,22.1,78.7,15.6,31,40344,29.2
13173,13,4,5237,5166,10403,26.6,89.9,14.6,25.4,37605,32.9
13175,13,4,22810,25076,47886,27.5,85.5,6.6,23.2,32356,38.9
13177,13,4,14499,14447,28946,12.3,87.7,7.2,21.3,61537,16.8
13179,13,4,32654,31773,64427,17.7,83.5,12.9,20.6,42201,22.9
13181,13,4,3705,4015,7720,25,82.2,9.3,30.9,34243,40.2
13183,13,4,8097,8491,16588,17.9,79.5,15.6,27.4,48863,23
13185,13,4,55627,57576,113203,26.5,83.6,13,19,36834,33.3
13187,13,4,15176,15745,30921,18.8,81.9,8.2,28.6,43804,21.1
13189,13,4,10274,11308,21582,25.4,83.4,9.5,25.7,36656,41.2
13191,13,4,6828,7179,,21.3,81.7,8.8,25.7,42988,35.9
13193,13,4,7720,6325,14045,29.6,73.1,18.7,24.9,28684,33.6
13195,13,4,13938,14294,28232,17.1,85.3,8.7,26.8,41912,23
13197,13,4,4394,4345,8739,21.3,82.4,14.3,31.4,36242,29.1
13199,13,4,10185,11112,21297,22.7,80.5,12.8,30.4,35832,31.3
13201,13,4,2837,3099,5936,27.9,84.4,6.5,23.9,33983,40.6
13205,13,4,11990,10992,22982,28.7,73.6,13.5,22.1,31915,40.5
13207,13,4,13536,13379,26915,13.6,85.7,10.5,25.7,48744,12.9
13209,13,4,4553,4415,8968,25.3,85.2,6.7,20.5,34672,35.9
13211,13,4,8530,9370,17900,14.3,85.9,6.9,27.4,51820,19
13213,13,4,19280,20121,39401,20,86.8,11.1,25.6,35539,24.1
13215,13,4,98321,101964,200285,20.5,78.3,11,19.6,42306,29.4
13217,13,4,48786,53859,102645,17.1,82.6,11.8,31.9,49179,23.9
13219,13,4,16817,17583,34400,7.3,85.1,5,24.4,72182,9.1
13221,13,4,7296,7392,14688,15.9,83.9,5.3,28.8,44226,23.6
13223,13,4,72089,75311,147400,12.6,82.9,8.7,37.3,60109,17.2
13225,13,4,13112,13974,27086,21.9,80.6,11.3,21.9,41588,32.1
13227,13,4,14910,14830,29740,11.6,79,8.3,29.6,54123,18.8
13229,13,4,9379,9555,18934,23.7,84.2,8.9,27,40247,31.8
13231,13,4,8730,9082,17812,12.2,84.5,10.4,35,51338,15.9
13233,13,4,20182,21033,41215,21.5,86.5,10.2,25.9,37853,31.6
13235,13,4,4866,6724,11590,19.2,85.4,7.4,21.3,38750,34.6
13237,13,4,10565,10682,21247,16.4,,6.3,25.9,44299,22.7
13239,13,4,1106,1220,2326,24,74.9,11.2,20.7,31487,44.3
13241,13,4,7981,8285,16266,21.6,77.1,7.3,21,35211,32.4
13243,13,4,3732,3583,7315,30.2,68.9,10.4,19.1,28377,52.2
13245,13,4,97446,103845,201291,25.2,81.4,12,20.4,37424,39.9
13247,13,4,41147,45754,86901,16.5,76.4,11.2,31.8,50455,24.2
13249,13,4,2517,2557,5074,23.4,81.5,12.4,26.8,39375,33.3
13251,13,4,6953,7253,14206,25.2,84.4,9.8,30.7,34466,35.9
13253,13,4,4113,4656,8769,18.4,77.9,9.4,21.9,34905,29
13255,13,4,30884,32989,63873,22.7,85.1,12.4,28.5,40246,33
13257,13,4,12352,13268,25620,18.9,83,10.6,21.5,40315,25.3
13259,13,4,3564,2304,5868,38.4,83.2,14.5,28.5,21118,61.6
13261,13,4,14894,16535,31429,33.2,78.9,14.4,20.7,32758,52.7
13263,13,4,3140,3350,6490,20,76.6,10.6,33.4,34078,20.7
13265,13,4,829,892,1721,30,81.7,12.1,28.2,26306,52.6
13267,13,4,14529,10773,25302,29.2,,7.9,26.3,33980,41.7
13269,13,4,4036,4365,8401,28.7,79.7,20.6,28.7,28143,42.3
13271,13,4,9502,6914,16416,28.5,87.5,4.4,21.4,26449,48.5
13273,13,4,4342,4871,9213,36.2,75.9,14.4,24.1,28688,59.5
13275,13,4,21239,23585,44824,23.6,80,10.5,20.4,36641,28.5
13277,13,4,19671,21116,40787,29.2,79,5.8,20.5,37653,42.2
13279,13,4,12743,14467,,24.8,79.2,9.6,20.9,33679,33.4
13281,13,4,5213,5587,10800,18.6,75.2,10,18,37000,30.1
13283,13,4,3296,3466,6762,19.6,75.5,5.4,27.1,38596,31.5
13285,13,4,33189,35678,68867,21.4,85.2,11.9,22,41489,31.1
13287,13,4,4284,4054,8338,25.4,78.9,12.5,23.9,31806,43
13289,13,4,4180,4329,8509,27.7,86.5,6.7,32.2,30468,30.4
13291,13,4,10648,11077,21725,13.5,85.9,13,23.9,40799,19.4
13293,13,4,12701,13827,26528,23.7,79.5,11.1,23.3,35774,36.5
13295,13,4,33760,34525,68285,17.8,86.9,8.4,26.9,41632,22.6
13297,13,4,42055,44146,86201,13.9,,7.9,31,54453,21.1
13299,13,4,17751,17972,,29.2,81.7,7.2,19.2,34909,45.4
13301,13,4,2561,3000,5561,27.1,85,16.4,26.4,29176,42.2
13303,13,4,10467,10318,20785,25.9,82,12.2,21.3,37932,36.7
13305,13,4,15421,14625,30046,20.3,83.9,11.3,22.6,38955,23.5
13307,13,4,1370,1350,2720,22.5,92.3,5.8,27,37063,33.1
13309,13,4,5402,2554,7956,27.2,92.6,10,23.9,27620,37
13311,13,4,13527,14264,27791,19,82.4,6.8,27.4,40888,34.4
13313,13,4,51451,52005,103456,18.8,84.5,10.3,20.3,40596,27.2
13315,13,4,5252,3720,8972,23.1,84.2,6.7,27,32043,28.4
13317,13,4,4729,5262,9991,28.5,81,8.9,24.8,32727,49.7
13319,13,4,4579,4807,9386,17.7,87,7.3,24.1,38485,26.2
13321,13,4,10208,10948,21156,21.2,86.9,9.8,27.7,37974,30.2
15001,15,1,95939,95543,191482,19.5,74.4,8.1,25.1,52108,29.6
15003,15,1,498129,486049,984178,9.7,64,5.6,28.2,74460,12.8
15005,15,1,42,43,85,15.2,34.3,0,9.2,66250,14.9
15007,15,1,34971,34720,69691,10.7,78.1,5.4,22.4,65101,12.5
15009,15,1,80790,80073,,11,71,6.9,21.3,66476,14
16001,16,1,208879,208622,417501,12.3,79.9,6.6,20,56356,13.7
16003,16,1,2049,1831,3880,12.9,,11.3,23,39565,16
16005,16,1,41666,41938,83604,18.8,77.8,7.2,17.9,43779,21.9
16007,16,1,2981,2958,5939,12.9,71.2,3.3,20,48654,21.4
16009,16,1,4581,4507,9088,16.6,76.5,10.1,23.3,39863,21.8
16011,16,1,22715,22692,45407,13.5,80.4,7.1,21.3,50155,18.8
16013,16,1,10836,10473,21309,10.4,73.4,4.1,17.7,60088,20.4
16015,16,1,3626,3259,6885,14.5,67.8,10.5,37.9,44238,19.5
16017,16,1,20563,20503,41066,15.3,77.2,6.2,24.1,42171,19.3
16019,16,1,53404,54384,,13.2,78.3,5.6,18.8,50762,16.9
16021,16,1,5596,5365,10961,15.3,76.8,4.7,21.8,38961,18.2
16023,16,1,1424,1229,2653,17.6,76.4,6.8,21.3,37891,25.9
16025,16,1,538,514,1052,21.8,76.7,5.8,26.7,42614,28
16027,16,1,98609,100312,198921,19.4,78,9.4,24,42888,26.1
16029,16,1,3429,3379,6808,8.3,75.7,1.5,16.9,58021,4.9
16031,16,1,11866,11503,23369,16,78.5,5.7,15.4,45695,21.2
16033,16,1,440,461,901,18.1,67.7,3.9,17,33672,19.9
16035,16,1,4736,3824,8560,13.1,75.6,7.3,28.6,38837,16.8
16037,16,1,2169,2065,4234,19.2,68.3,3.3,18.7,39457,18
16039,16,1,13509,12666,,16.1,79.5,8.4,17.1,43848,22.5
16041,16,1,6540,6374,12914,13.2,78.4,5,24.1,48133,18.9
16043,16,1,6677,6268,12945,10.3,,6,25.2,47988,13.8
16045,16,1,8390,8341,16731,18,74.2,14.2,27.2,40828,26.7
16047,16,1,7895,7338,15233,19.4,75.6,3.8,18.7,39930,29.2
16049,16,1,8571,7741,16312,16,68.6,6.4,17.5,38191,19.8
16051,16,1,13541,13251,26792,13.1,76.8,6.1,25.1,51171,17.7
16053,16,1,11462,11191,22653,16.4,80.8,6.6,17.8,41630,22.1
16055,16,1,71718,73328,145046,13,,7.9,20.9,49403,16.5
16057,16,1,19676,18663,38339,21.6,65.8,7.6,18.3,42439,17.1
16059,16,1,3933,3857,7790,18.7,69.8,6.1,18.6,34329,28.3
16061,16,1,1885,1927,3812,17.4,72,6.5,21.6,36505,22.1
16063,16,1,2676,2584,5260,13.6,70.9,6,31.5,43273,19.1
16065,16,1,19077,18839,37916,35.7,65.8,10.2,15.6,32233,25.3
16067,16,1,10284,9995,20279,17.4,82.9,4.8,16.5,44853,27.7
16069,16,1,19697,20082,39779,11.9,81,6.1,16.2,48160,15.4
16071,16,1,2183,2062,4245,14.6,76.8,6.7,24.2,41338,23.7
16073,16,1,5863,5501,11364,27.6,72.2,11.7,24.8,33440,38
16075,16,1,11458,11242,22700,18.7,78.2,10.1,17,44257,24.1
16077,16,1,3910,3821,7731,13.5,79.9,,18.2,44779,19.8
16079,16,1,6324,6247,12571,17.2,,11.8,18.4,37665,23.9
16081,16,1,5379,4906,,10.8,72.6,8.5,28.8,53474,15.7
16083,16,1,39568,40436,80004,15.8,80.9,5.9,17.1,44048,20.1
16085,16,1,5059,4661,9720,15,73.1,5.7,16.4,48384,14.9
16087,16,1,5082,4943,10025,18.3,71.5,9.7,23.3,34775,26.7
